Player_ID,Player_Name,First_Season,Last_Season
203518,Alex Abrines,2016-17,2017-18
1630173,Precious Achiuwa,2020-21,2023-24
101165,Alex Acker,2005-06,2007-08
203112,Quincy Acy,2012-13,2017-18
200801,Hassan Adams,2006-07,2007-08
1629121,Jaylen Adams,2018-19,2019-20
203919,Jordan Adams,2014-15,2014-15
203500,Steven Adams,2013-14,2023-24
1628389,Bam Adebayo,2017-18,2023-24
202399,Jeff Adrien,2010-11,2013-14
201167,Arron Afflalo,2007-08,2016-17
1630534,Ochai Agbaji,2022-23,2023-24
200772,Maurice Ager,2006-07,2009-10
201336,Blake Ahearn,2007-08,2010-11
201582,Alexis Ajinca,2008-09,2016-17
202374,Solomon Alabi,2010-11,2010-11
1630583,Santi Aldama,2021-22,2023-24
202332,Cole Aldrich,2010-11,2016-17
200746,LaMarcus Aldridge,2006-07,2020-21
201570,Joe Alexander,2008-09,2008-09
1629638,Nickeil Alexander-Walker,2019-20,2023-24
1628960,Grayson Allen,2018-19,2023-24
1628386,Jarrett Allen,2017-18,2023-24
1628443,Kadeem Allen,2017-18,2018-19
202730,Lavoy Allen,2011-12,2015-16
2124,Malik Allen,2001-02,2009-10
2754,Tony Allen,2004-05,2016-17
201165,Morris Almond,2007-08,2010-11
1630631,Jose Alvarado,2021-22,2023-24
202329,Al-Farouq Aminu,2010-11,2019-20
